Kumamoto-Energy.co.jp,,,15,152,14,2025,2014,158,0,-,2,,,,,,,2026-04-30,3,-,13 days,available
LifestyleWoman.co.jp,,,14,111,6,2025,2014,107,0,-,4,,,,,,,2026-04-30,7,-,13 days,available
niigata-miraijuku.jp,,,17,227,5,2024,2009,99,0,-,0,,,,,,,2026-04-30,-,4,13 days,available
bidc.jp,,,4,54,9,2024,2015,75,0,-,38,,,,,,,2026-04-30,1.1 K,-,13 days,available
ic-wig.jp,,,6,101,5,2024,2012,93,0,-,0,,,,,,,2026-04-30,3,-,13 days,available
oizo.jp,,,4,114,6,2025,2014,101,0,-,19,,,,,,,2026-04-30,128,-,13 days,available
Foody.jp,,,5,62,0,2023,2008,57,0,-,151,,,,,,,2026-04-30,1.9 K,-,13 days,available
Euro-Log.jp,,,8,92,6,2024,2008,77,0,-,6,,,,,,,2026-04-30,16,-,13 days,available
Joe-Nimble.jp,,,10,146,0,2023,2012,58,0,-,16,,,,,,,2026-04-30,2,-,13 days,available
StepSolution.jp,,,12,69,5,2024,2011,66,0,-,7,,,,,,,2026-04-30,66,-,13 days,available
leslo.jp,,,5,110,0,2025,2015,35,0,-,5,,,,,,,2026-04-30,443,-,13 days,available
orette.jp,,,6,65,7,2025,2015,1934,0,-,4,,,,,,,2026-04-30,964,-,13 days,available
moero.jp,,,5,188,6,2025,2013,132,0,-,11,,,,,,,2026-04-30,68,-,13 days,available
sekaiisan-nikko.jp,,,15,66,7,2025,2014,93,0,-,0,,,,,,,2026-04-30,-,-,13 days,available
netsuai.jp,,,7,5.7 K,4,2025,2015,113,0,-,1,,,,,,,2026-04-30,2,-,13 days,available
OrangeTown.jp,,,10,1.5 K,6,2025,2014,73,0,-,12,,,,,,,2026-04-30,83,-,13 days,available
antia.jp,,,5,97,0,2023,2007,35,0,-,52,,,,,,,2026-04-30,5.5 K,-,13 days,available
mmedc.jp,,,5,98,11,2025,2014,108,0,-,3,,,,,,,2026-04-30,22,1,13 days,available
gokichikai.jp,,,10,73,10,2025,2014,77,0,-,0,,,,,,,2026-04-30,-,-,13 days,available
ouurstudio.jp,,,10,64,12,2025,2014,55,0,-,1,,,,,,,2026-04-30,2,-,13 days,available
TamaGaku.jp,,,8,1.4 K,0,2025,2009,55,0,-,3,,,,,,,2026-04-30,10,-,13 days,available
rplus-ichinomiya.jp,,,16,56,4,2025,2013,86,0,-,0,,,,,,,2026-04-30,-,-,13 days,available
Under-The-Veil.jp,,,14,100,1,2025,2015,117,0,-,0,,,,,,,2026-04-30,-,-,13 days,available
ItsMyTime.jp,,,9,57,0,2023,2011,32,0,-,22,,,,,,,2026-04-30,52,-,13 days,available
Clover-Spa.jp,,,10,623,0,2024,2024,34,0,-,1,,,,,,,2026-04-30,1,-,13 days,available
Non-Expert.jp,,,10,157,0,2024,2024,36,0,-,1,,,,,,,2026-04-30,3,-,13 days,available
The-Personal-Gym.jp,,,16,70,0,2024,2024,41,0,-,2,,,,,,,2026-04-30,3,-,13 days,available
Doko-Shop.jp,,,9,100,0,2025,2024,53,0,-,0,,,,,,,2026-04-30,1,-,13 days,available
jken-refle.jp,,,10,356,3,2023,2023,44,0,-,0,,,,,,,2026-04-30,-,-,13 days,available
umi-darwn.jp,,,9,102,2,2025,2024,51,0,-,0,,,,,,,2026-04-30,-,-,13 days,available
GiveLog.jp,,,7,1.1 K,0,2023,2023,34,0,-,2,,,,,,,2026-04-30,7,-,13 days,available
miyoshikamotsu.jp,,,14,68,7,2025,2007,50,0,-,1,,,,,,,2026-04-30,2,-,13 days,available
maidookini.jp,,,10,92,16,2024,2004,183,0,Yes,1,,,,,,,2026-04-30,2,-,13 days,available
Lot-Net.jp,,,7,169,4,2024,2005,53,0,-,2,,,,,,,2026-04-30,6,-,13 days,available
sumunet.jp,,,7,187,156,2025,2004,268,0,Yes,2,,,,,,,2026-04-30,5,-,13 days,available
soundhall-ac.jp,,,12,104,25,2025,2011,57,0,-,0,,,,,,,2026-04-30,-,-,13 days,available
kamogawa-jc.jp,,,11,79,4,2024,2005,113,0,Yes,1,,,,,,,2026-04-30,2,-,13 days,available
HitOtsuMugi.jp,,,11,50,5,2025,2011,116,0,-,4,,,,,,,2026-04-30,8,-,13 days,available
saikan.jp,,,6,51,0,2024,2003,60,0,-,12,,,,,,,2026-04-30,147,-,13 days,available
Yoshino-Garo.jp,,,12,306,6,2025,2007,58,0,Yes,0,,,,,,,2026-04-30,-,1,13 days,available
tv-live.jp,,,7,58,9,2025,2010,36,0,-,20,,,,,,,2026-04-30,313,1,13 days,available
suibara-sci.jp,,,11,257,20,2023,2007,168,0,-,0,,,,,,,2026-04-30,-,-,13 days,available
kontio.jp,,,6,169,6,2025,2002,185,0,-,52,,,,,,,2026-04-30,76,-,13 days,available
cybozu-mt.jp,,,9,158,4,2025,2006,94,0,-,0,,,,,,,2026-04-30,-,1,13 days,available
hachultra.jp,,,9,53,8,2024,2007,80,0,-,12,,,,,,,2026-04-30,17,-,13 days,available
fuzoku-flash.jp,,,12,9.5 K,101,2025,2010,253,0,-,0,,,,,,,2026-04-30,-,-,13 days,available
fx-guide.jp,,,8,80,19,2025,2006,153,0,-,4,,,,,,,2026-04-30,15,-,13 days,available
Pichi-Shiroishi.jp,,,15,68,7,2024,2011,114,0,-,0,,,,,,,2026-04-30,-,3,13 days,available
UniversalCentury.jp,,,16,302,9,2025,2003,209,0,-,6,,,,,,,2026-04-30,7,-,13 days,available
s-o-hosp.jp,,,8,53,6,2025,2001,206,0,-,0,,,,,,,2026-04-30,-,-,13 days,available
lfactory.jp,,,8,58,4,2025,2010,78,0,-,5,,,,,,,2026-04-30,2.6 K,8,13 days,available
nishimura-jig.jp,,,13,62,10,2023,2009,73,0,-,1,,,,,,,2026-04-30,2,-,13 days,available
LalaMusic.jp,,,9,75,3,2025,2010,73,0,-,14,,,,,,,2026-04-30,38,-,13 days,available
higuchi-taxoffice.jp,,,17,79,14,2025,2006,171,0,-,1,,,,,,,2026-04-30,2,-,13 days,available
Hotel-Rainbow.jp,,,13,74,29,2025,2007,197,0,Yes,3,,,,,,,2026-04-30,5,-,13 days,available
OrangeTerra.jp,,,11,507,4,2025,2004,117,0,Yes,0,,,,,,,2026-04-30,3,-,13 days,available
Hoopers.jp,,,7,816,11,2025,2011,191,0,-,69,,,,,,,2026-04-30,606,5,13 days,available
audionankai-n.jp,,,13,71,27,2024,2007,102,0,-,0,,,,,,,2026-04-30,1,-,13 days,available
jobpa.jp,,,5,187.2 K,152,2025,2008,314,0,-,6,,,,,,,2026-04-30,378,-,13 days,available
souzoku-t.jp,,,9,149,11,2023,2007,66,0,-,1,,,,,,,2026-04-30,82,-,13 days,available
mikawa-sci.jp,,,10,199,1,2025,2008,63,0,Yes,0,,,,,,,2026-04-30,-,-,13 days,available
trsp.jp,,,4,57,1,2025,2013,58,0,-,32,,,,,,,2026-04-30,306,-,13 days,available
tawarayama.jp,,,10,63,7,2025,2011,59,0,-,2,,,,,,,2026-04-30,9,1,13 days,available
kimonodaijiten.jp,,,14,96,7,2025,2007,83,0,-,0,,,,,,,2026-04-30,-,-,13 days,available
Blue-Blue.jp,,,9,246,3,2025,2006,48,0,-,11,,,,,,,2026-04-30,13,1,13 days,available
WiseCart.jp,,,8,317,11,2025,2011,3312,0,-,27,,,,,,,2026-04-30,20,-,13 days,available
BurUsera.jp,,,8,145.4 K,2,2025,2001,99,0,-,7,,,,,,,2026-04-30,5,-,13 days,available
fuji-ie.jp,,,7,678,6,2025,2010,114,0,-,1,,,,,,,2026-04-30,4,2,13 days,available
kaorista.jp,,,8,70,7,2025,2010,46,0,-,0,,,,,,,2026-04-30,2,-,13 days,available
kerokko.jp,,,7,171,141,2025,2010,67,0,-,1,,,,,,,2026-04-30,2,-,13 days,available
syueki-bukken.jp,,,13,216.7 K,1,2025,2008,33,0,-,0,,,,,,,2026-04-30,-,-,13 days,available
b-chance.jp,,,8,183,12,2025,2006,166,0,-,1,,,,,,,2026-04-30,9,-,13 days,available
elnino.jp,,,6,45.6 K,9,2025,2008,118,0,-,70,,,,,,,2026-04-30,285,-,13 days,available
hfi.jp,,,3,52,3,2025,2007,132,0,-,100,,,,,,,2026-04-30,-,-,13 days,available
niowan.jp,,,6,59,0,2024,2010,72,0,-,2,,,,,,,2026-04-30,17,-,13 days,available
Mesmerism.jp,,,9,153,4,2024,2006,160,0,-,18,,,,,,,2026-04-30,32,-,13 days,available
jseed.jp,,,5,233,3,2025,2007,52,0,-,7,,,,,,,2026-04-30,60,-,13 days,available
bbsc.jp,,,4,176,5,2025,2002,245,0,-,53,,,,,,,2026-04-30,543,-,13 days,available
scagency.jp,,,8,298.1 K,3,2025,2012,80,0,-,23,,,,,,,2026-04-30,60,-,13 days,available
Bogo.jp,,,4,134,0,2023,2007,52,0,-,132,,,,,,,2026-04-30,4.2 K,-,13 days,available
padipire.jp,,,8,59,12,2025,2010,156,0,-,0,,,,,,,2026-04-30,-,-,13 days,available
DiceKey.jp,,,7,136,4,2023,2008,112,0,-,8,,,,,,,2026-04-30,9,-,13 days,available
osaka-seturitu.jp,,,14,315,10,2025,2010,138,0,-,0,,,,,,,2026-04-30,-,-,13 days,available
mugenkan.jp,,,8,1.7 K,7,2024,2007,87,0,-,5,,,,,,,2026-04-30,7,-,13 days,available
Mozart-Kujira.jp,,,13,84,7,2023,2007,79,0,-,0,,,,,,,2026-04-30,-,-,13 days,available
isozu.jp,,,5,1.9 K,15,2023,2005,58,0,-,1,,,,,,,2026-04-30,22,-,13 days,available
okamisan.jp,,,8,112,21,2023,2004,141,0,-,3,,,,,,,2026-04-30,11,-,13 days,available
styleworks-eshop.jp,,,16,606,3,2025,2012,139,0,-,0,,,,,,,2026-04-30,-,-,13 days,available
hkstyle.jp,,,7,55,4,2025,2005,69,0,-,19,,,,,,,2026-04-30,12,-,13 days,available
ieco.jp,,,4,100,0,2025,2002,43,0,-,79,,,,,,,2026-04-30,5.6 K,-,13 days,available
Good-Shop.jp,,,9,140,135,2025,2002,152,0,-,24,,,,,,,2026-04-30,26,-,13 days,available
Route-Irish.jp,,,11,107,19,2025,2012,112,0,-,0,,,,,,,2026-04-30,1,3,13 days,available
NewCom-Net.jp,,,10,55,5,2024,2007,80,0,-,1,,,,,,,2026-04-30,-,-,13 days,available
u-cp.jp,,,4,1.5 K,7,2025,2004,123,0,-,17,,,,,,,2026-04-30,84,-,13 days,available
ib-kenko.jp,,,8,12.6 K,146,2025,2012,119,0,-,0,,,,,,,2026-04-30,-,3,13 days,available
kisogawa-ryuiki.jp,,,15,299,4,2025,2009,77,0,-,0,,,,,,,2026-04-30,-,-,13 days,available
tm-works.jp,,,8,243.2 K,3,2023,2008,144,0,-,9,,,,,,,2026-04-30,14,-,13 days,available
kandroid.jp,,,8,409.3 K,1,2025,2011,46,0,-,6,,,,,,,2026-04-30,90,-,13 days,available
Excite-Kyoto.jp,,,12,88,15,2024,2013,30,0,-,1,,,,,,,2026-04-30,2,-,13 days,available
Blue-Wings.jp,,,10,98,1,2025,2006,32,0,-,8,,,,,,,2026-04-30,7,-,13 days,available
Red-Blue.jp,,,8,1.1 K,2,2025,2013,40,0,-,20,,,,,,,2026-04-30,21,-,13 days,available
yoshitakeshika.jp,,,14,50,0,2024,2006,42,0,-,2,,,,,,,2026-04-30,4,-,13 days,available
machupicchu.jp,,,11,73,8,2024,2011,96,0,-,103,,,,,,,2026-04-30,1.3 K,-,13 days,available
toyosaka-sci.jp,,,12,216,2,2025,2010,50,0,-,0,,,,,,,2026-04-30,-,-,13 days,available
kibounippon.jp,,,11,406,5,2025,2012,173,0,-,0,,,,,,,2026-04-30,-,1,13 days,available
cjn.jp,,,3,252,2,2025,2012,42,0,-,67,,,,,,,2026-04-30,-,1,13 days,available
ManMar.jp,,,6,161,139,2025,2012,108,0,-,16,,,,,,,2026-04-30,247,4,13 days,available
Garage-Hiro.jp,,,11,254,2,2025,2004,138,0,-,1,,,,,,,2026-04-30,5,-,13 days,available
honshin.jp,,,7,187,4,2025,2007,143,0,-,10,,,,,,,2026-04-30,39,-,13 days,available
GoldenHawks.jp,,,11,18.0 K,4,2025,2007,56,0,-,6,,,,,,,2026-04-30,28,-,13 days,available
npme.jp,,,4,86,2,2024,2011,39,0,-,12,,,,,,,2026-04-30,230,-,13 days,available
Mito-Film.jp,,,9,273,4,2025,2013,109,0,-,0,,,,,,,2026-04-30,1,4,13 days,available
av-video.jp,,,8,12.5 K,1,2025,2012,68,0,-,5,,,,,,,2026-04-30,13,-,13 days,available
ihomepage.jp,,,9,50,4,2023,2012,46,0,-,12,,,,,,,2026-04-30,58,-,13 days,available
Pest.jp,,,4,468,3,2025,2012,57,0,-,186,,,,,,,2026-04-30,29.8 K,-,13 days,available
prexi.jp,,,5,67,5,2024,2014,99,0,-,7,,,,,,,2026-04-30,160,2,13 days,available
hwanheesoul.jp,,,11,188,8,2025,2010,110,0,-,1,,,,,,,2026-04-30,2,1,13 days,available
Cell-Movie.jp,,,10,57,10,2025,2016,80,0,-,0,,,,,,,2026-04-30,1,1,13 days,available
KinUnup.jp,,,7,1.7 K,0,2025,2016,125,0,-,2,,,,,,,2026-04-30,3,-,13 days,available
SkyBar.jp,,,6,263,4,2025,2004,70,0,-,78,,,,,,,2026-04-30,567,-,13 days,available
artyandmame.jp,,,11,821,4,2025,2015,54,0,-,0,,,,,,,2026-04-30,-,-,13 days,available
OneGames.jp,,,8,96,9,2023,2016,169,0,-,24,,,,,,,2026-04-30,590,2,13 days,available
bmw-motorrad-cp.jp,,,15,54,5,2025,2018,70,0,-,0,,,,,,,2026-04-30,-,1,13 days,available
HakuBatRail.jp,,,11,113,15,2025,2017,113,0,-,0,,,,,,,2026-04-30,1,-,13 days,available
RugbyCity-Fuchu.jp,,,15,138,11,2025,2018,97,0,-,0,,,,,,,2026-04-30,-,2,13 days,available
yumikatsura-cafederose.jp,,,22,51,5,2025,2017,73,0,-,0,,,,,,,2026-04-30,-,-,13 days,available
SohoAsakUsa.jp,,,11,251,5,2025,2016,77,0,-,0,,,,,,,2026-04-30,-,-,13 days,available
gincul.jp,,,6,136,0,2025,2016,56,0,-,4,,,,,,,2026-04-30,5,1,13 days,available
NewsPress.jp,,,9,9.8 K,2,2025,2016,44,0,-,69,,,,,,,2026-04-30,249,-,13 days,available
fujitaya-kyoto.jp,,,14,242,14,2024,2018,60,0,-,0,,,,,,,2026-04-30,-,-,13 days,available
seichijunrei-bus.jp,,,16,443,12,2025,2017,61,0,-,0,,,,,,,2026-04-30,-,-,13 days,available
jocoi.jp,,,5,52,4,2025,2021,48,0,-,1,,,,,,,2026-04-30,31,-,13 days,available
spss-web.jp,,,8,53,3,2025,2022,68,0,-,0,,,,,,,2026-04-30,-,-,13 days,available
yurucamp-c-nexco.jp,,,16,52,4,2025,2021,35,0,-,0,,,,,,,2026-04-30,-,-,13 days,available
ahiroll.jp,,,7,71,2,2025,2021,49,0,-,0,,,,,,,2026-04-30,1,-,13 days,available
FlightWorks.jp,,,11,66,6,2025,2021,37,0,-,16,,,,,,,2026-04-30,65,-,13 days,available
shina-ginza.jp,,,11,55,9,2024,2020,43,0,-,0,,,,,,,2026-04-30,-,1,13 days,available
hibikoji.jp,,,8,53,10,2024,2020,36,0,-,1,,,,,,,2026-04-30,3,-,13 days,available
hotel-rebun.jp,,,11,79,7,2025,2018,58,0,-,1,,,,,,,2026-04-30,2,-,13 days,available
MatoMate.jp,,,8,148,0,2025,2019,8735,0,-,0,,,,,,,2026-04-30,7,-,13 days,available
impaqtfocus.jp,,,11,296,0,2025,2020,40,0,-,0,,,,,,,2026-04-30,-,-,13 days,available
mimasaka-bibibi.jp,,,15,77,7,2025,2019,42,0,-,0,,,,,,,2026-04-30,-,-,13 days,available
Nagasaki-PeaceMarathon.jp,,,22,220,8,2025,2019,52,0,-,0,,,,,,,2026-04-30,-,-,13 days,available
luckyniki.jp,,,9,203,59,2025,2019,49,0,-,28,,,,,,,2026-04-30,58,-,13 days,available
AiFan.jp,,,5,428,0,2025,2018,94,0,-,42,,,,,,,2026-04-30,786,-,13 days,available
mangetsu-maruche.jp,,,16,73,10,2024,2019,37,0,-,0,,,,,,,2026-04-30,-,-,13 days,available
YouPapers.jp,,,9,5.5 K,3,2025,2018,74,0,-,4,,,,,,,2026-04-30,6,-,13 days,available
ooyaman.jp,,,7,75,4,2023,2018,80,0,-,1,,,,,,,2026-04-30,5,2,13 days,available
nerimakko.jp,,,9,60,5,2024,2017,111,0,-,0,,,,,,,2026-04-30,-,-,13 days,available
manohiva-japan.jp,,,14,54,0,2025,2018,57,0,-,1,,,,,,,2026-04-30,2,-,13 days,available
yumenoki.co.jp,,,8,122,7,2024,2006,76,0,Yes,8,,,,,,,2026-04-30,23,-,13 days,available
ishifuku.co.jp,,,8,684,158,2025,1998,389,0,Yes,6,,,,,,,2026-04-30,17,-,13 days,available
t-lr.co.jp,,,4,1.5 K,93,2025,2004,369,0,Yes,3,,,,,,,2026-04-30,43,52,13 days,available
SkiJournal.co.jp,,,10,1.5 K,42,2025,1998,310,0,Yes,7,,,,,,,2026-04-30,15,13,13 days,available
nagoya-dbtec.co.jp,,,12,427,21,2025,2004,183,0,-,0,,,,,,,2026-04-30,-,-,13 days,available
shohi-navi.co.jp,,,10,82,14,2025,2001,207,0,-,0,,,,,,,2026-04-30,-,1,13 days,available
HondaLock.co.jp,,,9,1.1 K,25,2025,2001,299,0,Yes,4,,,,,,,2026-04-30,10,-,13 days,available
Shanghai-Ferry.co.jp,,,14,390,19,2024,2001,323,0,Yes,0,,,,,,,2026-04-30,-,1,13 days,available
SmileDrug.co.jp,,,9,64,11,2025,2005,205,0,Yes,0,,,,,,,2026-04-30,-,-,13 days,available
goyointex.co.jp,,,9,1.2 K,61,2025,2001,625,0,Yes,0,,,,,,,2026-04-30,-,7,13 days,available
Define.co.jp,,,6,15.8 K,11,2025,2008,258,0,-,196,,,,,,,2026-04-30,5.0 K,-,13 days,available
RunAt.co.jp,,,5,3.0 K,183,2025,1999,627,0,Yes,14,,,,,,,2026-04-30,239,11,13 days,available
narumi-takiguchi.jp,,,16,54,15,2025,2013,64,0,-,0,,,,,,,2026-04-30,-,4,13 days,available