Domain,,,LE,BL,DP,WBY,ABY,ACR,MMGR,Dmoz,Reg,C,N,O,B,I,D,Add Date,RDT,WPL,Dropped,Status,RL
Domain,,,LE,BL,DP,WBY,ABY,ACR,MMGR,Dmoz,Reg,C,N,O,B,I,D,Add Date,RDT,WPL,Dropped,Status,RL
gontry.com,,,6,177,144,2025,2007,288,0,-,1,,,,,,,2026-05-12,7,-,Yesterday 18:55,available,
WebAutoRun.com,,,10,155,139,2025,2005,122,0,-,0,,,,,,,2026-05-12,-,-,Yesterday 18:54,available,
krivogastani.com,,,12,530,13,2025,2016,120,0,-,1,,,,,,,2026-05-12,-,2,Yesterday 18:43,available,
AskMeFlight.com,,,11,707,58,2024,2016,149,0,-,0,,,,,,,2026-05-12,-,-,Yesterday 18:42,available,
BingDroid.com,,,9,305,25,2025,2016,150,0,-,0,,,,,,,2026-05-12,-,-,Yesterday 18:42,available,
addtalentia.com,,,11,174,6,2024,2010,96,0,-,0,,,,,,,2026-05-12,-,-,Yesterday 18:41,available,
openkhabar.com,,,10,131,53,2025,2016,282,0,-,1,,,,,,,2026-05-12,-,-,Yesterday 18:41,available,
HypnoNomIcon.com,,,12,320,136,2022,2012,98,0,-,0,,,,,,,2026-05-12,-,-,Yesterday 18:41,available,
somaemuldo.com,,,10,1.5 K,11,2025,2002,128,0,-,2,,,,,,,2026-05-12,1,-,Yesterday 18:40,available,
htxuankhoa.com,,,10,135.8 K,9,2025,2015,108,0,-,0,,,,,,,2026-05-12,-,-,Yesterday 18:40,available,
ZedDes.com,,,6,214,12,2025,2013,128,0,-,1,,,,,,,2026-05-12,14,-,Yesterday 18:40,available,
enherald.com,,,8,3.2 K,6,2022,2013,465,0,-,0,,,,,,,2026-05-12,44,-,Yesterday 18:40,available,
afriannonces.com,,,12,144,8,2024,2015,110,0,-,0,,,,,,,2026-05-12,-,-,Yesterday 18:39,available,
mykugi.com,,,6,264,142,2025,2009,123,0,-,0,,,,,,,2026-05-12,2,4,Yesterday 18:39,available,
tehranlipo.com,,,10,119,9,2025,2015,109,0,-,0,,,,,,,2026-05-12,1,-,Yesterday 18:39,available,
MuzzleFront.com,,,11,276,8,2025,2012,129,0,-,0,,,,,,,2026-05-12,1,-,Yesterday 18:38,available,
jlcate.com,,,6,618,11,2024,2005,173,0,-,0,,,,,,,2026-05-12,4,-,Yesterday 18:38,available,
yoseries.com,,,8,137,139,2025,2011,101,0,-,0,,,,,,,2026-05-12,2,-,Yesterday 18:38,available,
cautheatre.com,,,10,163,9,2024,2002,162,0,-,0,,,,,,,2026-05-12,1,1,Yesterday 18:38,available,
LikePosse.com,,,9,199,6,2024,2011,90,0,-,0,,,,,,,2026-05-12,-,-,Yesterday 18:37,available,
btemplatebox.com,,,12,637,61,2025,2010,114,0,-,0,,,,,,,2026-05-12,-,-,Yesterday 18:37,available,
nhadatdacdia.com,,,12,159,140,2025,2012,352,0,-,0,,,,,,,2026-05-12,-,-,Yesterday 18:37,available,
artfusionbcn.com,,,12,439,6,2025,2012,104,0,-,0,,,,,,,2026-05-12,-,-,Yesterday 18:37,available,
BargainDiner.com,,,12,141,139,2024,2010,285,0,-,0,,,,,,,2026-05-12,-,-,Yesterday 18:37,available,
kaosdistroku.com,,,12,404,9,2025,2012,268,0,-,0,,,,,,,2026-05-12,-,-,Yesterday 18:37,available,
AmberAndMark.com,,,12,569,24,2025,2003,176,0,-,1,,,,,,,2026-05-12,-,-,Yesterday 18:37,available,
GiveWayMusic.com,,,12,274,16,2024,2003,111,0,-,0,,,,,,,2026-05-12,-,-,Yesterday 18:37,available,
rpinsider.com,,,9,189,19,2023,2009,157,0,-,0,,,,,,,2026-05-12,10,1,Yesterday 18:37,available,
cynrogalski.com,,,11,203.7 K,14,2025,2011,214,0,-,0,,,,,,,2026-05-12,-,-,Yesterday 18:37,available,
YourSimsPot.com,,,11,9.4 K,7,2025,2010,141,0,-,0,,,,,,,2026-05-12,-,-,Yesterday 18:37,available,
srgint.com,,,6,701,15,2025,2003,160,0,-,0,,,,,,,2026-05-12,12,5,Yesterday 18:37,available,
BirdsMill.com,,,9,345,6,2024,2001,148,0,-,1,,,,,,,2026-05-12,3,-,Yesterday 18:37,available,
ShivaRecords.com,,,12,205,10,2025,2003,119,0,-,2,,,,,,,2026-05-12,1,1,Yesterday 18:37,available,
GoalFanzine.com,,,11,181,143,2025,2008,183,0,-,0,,,,,,,2026-05-12,-,-,Yesterday 18:37,available,
stylaubois.com,,,10,133,147,2025,2012,188,0,-,0,,,,,,,2026-05-12,-,-,Yesterday 18:37,available,
vbbex.com,,,5,152,8,2024,2008,179,0,-,0,,,,,,,2026-05-12,1,-,Yesterday 18:37,available,
enecomitalia.com,,,12,118,15,2025,2008,103,0,-,0,,,,,,,2026-05-12,-,1,Yesterday 18:36,available,
machiomo.com,,,8,146,136,2025,2007,187,0,-,0,,,,,,,2026-05-12,2,-,Yesterday 18:36,available,
gxtourism.com,,,9,187,6,2025,2009,95,0,-,0,,,,,,,2026-05-12,-,3,Yesterday 18:36,available,
amellcxa.com,,,8,209,18,2025,2005,140,0,-,0,,,,,,,2026-05-12,-,-,Yesterday 18:36,available,
vinetcie.com,,,8,246,8,2025,2002,173,0,-,0,,,,,,,2026-05-12,3,-,Yesterday 18:36,available,
niskaters.com,,,9,1.7 K,19,2021,2004,144,0,-,0,,,,,,,2026-05-12,-,-,Yesterday 18:36,available,
wyplayer.com,,,8,298,16,2025,2009,91,0,-,0,,,,,,,2026-05-12,-,-,Yesterday 18:36,available,
gpracingshop.com,,,12,328,31,2025,2007,106,0,-,3,,,,,,,2026-05-12,-,-,Yesterday 18:36,available,
TheOrbZone.com,,,10,242,14,2025,2007,106,0,-,0,,,,,,,2026-05-12,-,2,Yesterday 18:35,available,
ThaiInkTank.com,,,11,199.4 K,147,2024,2009,162,0,-,0,,,,,,,2026-05-12,-,-,Yesterday 18:35,available,
FlirtLobby.com,,,10,121,49,2021,2007,91,0,-,0,,,,,,,2026-05-12,-,-,Yesterday 18:35,available,
sohbetful.com,,,9,208,31,2025,2008,192,0,-,0,,,,,,,2026-05-12,-,-,Yesterday 18:35,available,
esostyle.com,,,8,514,18,2024,2003,184,0,-,0,,,,,,,2026-05-12,4,-,Yesterday 18:35,available,
panaceapgx.com,,,10,505,94,2025,2017,125,0,-,0,,,,,,,2026-05-12,-,-,Yesterday 18:10,available,
albertoanaut.com,,,12,2.6 K,13,2026,2012,102,0,-,0,,,,,,,2026-05-12,1,-,Yesterday 18:07,available,
TitaNovo.com,,,8,306,11,2025,2014,104,0,-,0,,,,,,,2026-05-12,-,-,Yesterday 18:07,available,
CarriePink.com,,,10,242,7,2025,2011,157,0,-,0,,,,,,,2026-05-12,3,-,Yesterday 18:07,available,
gpscraper.com,,,9,161,142,2025,2011,119,0,-,0,,,,,,,2026-05-12,-,-,Yesterday 18:05,available,
virrral.com,,,7,166,141,2025,2012,195,0,-,0,,,,,,,2026-05-11,-,-,2 days,available,
betsiddaa.com,,,9,976,158,2022,2010,274,0,-,0,,,,,,,2026-05-11,-,-,2 days,available,
tekgazet.com,,,8,412,147,2025,2011,238,0,-,0,,,,,,,2026-05-11,2,-,2 days,available,
sinerjimedia.com,,,12,1.8 K,15,2022,2011,119,0,-,0,,,,,,,2026-05-11,-,-,2 days,available,
SoftTurk.com,,,8,738,11,2022,2009,172,0,-,0,,,,,,,2026-05-11,2,-,2 days,available,
etncrew.com,,,7,298,48,2025,2003,203,0,-,0,,,,,,,2026-05-11,1,-,2 days,available,
KinoRelease.com,,,11,163,143,2024,2011,134,0,-,1,,,,,,,2026-05-11,-,-,2 days,available,
musicfeen.com,,,9,479,9,2025,2009,101,0,-,0,,,,,,,2026-05-11,-,-,2 days,available,
psicogenero.com,,,11,270,7,2025,2007,108,0,-,0,,,,,,,2026-05-11,-,2,2 days,available,
allpcstuff.com,,,10,506,7,2025,2000,228,0,-,0,,,,,,,2026-05-11,-,-,2 days,available,
newtownnd.com,,,9,268,16,2025,2001,148,0,-,0,,,,,,,2026-05-11,2,2,2 days,available,
TurkCyprus.com,,,10,585,13,2022,2001,131,0,-,0,,,,,,,2026-05-11,-,-,2 days,available,
ChatOrioles.com,,,11,46.0 K,15,2025,2010,114,0,-,0,,,,,,,2026-05-11,-,-,2 days,available,
arkadepo.com,,,8,122,136,2025,2011,128,0,-,2,,,,,,,2026-05-11,3,-,2 days,available,
UberTurco.com,,,9,330,21,2025,2021,120,0,-,0,,,,,,,2026-05-11,-,-,2 days,available,
TheSickMuse.com,,,11,267,5,2025,2017,130,0,-,0,,,,,,,2026-05-11,1,-,2 days,available,
cialisknfrx.com,,,11,2.0 K,202,2025,2018,104,0,-,0,,,,,,,2026-05-11,-,1,2 days,available,
ecsinfotek.com,,,10,243,18,2025,2018,111,0,-,0,,,,,,,2026-05-11,-,-,2 days,available,
umediagroups.com,,,12,4.5 K,42,2025,2017,100,0,-,0,,,,,,,2026-05-11,1,-,2 days,available,
imaginmyhome.com,,,12,177,37,2025,2014,112,0,-,0,,,,,,,2026-05-11,-,-,2 days,available,
mahshow.com,,,7,2.9 K,55,2025,2014,141,0,-,2,,,,,,,2026-05-11,1,-,2 days,available,
wpthorp.com,,,7,379,6,2025,2015,333,0,-,0,,,,,,,2026-05-11,-,-,2 days,available,
wmcazino.com,,,8,96,266,2025,2004,98,0,-,0,,,,,,,2026-05-11,-,-,2 days,available,
chmiest.com,,,7,138,7,2025,2017,124,0,-,1,,,,,,,2026-05-11,-,-,2 days,available,
ibbcnews.com,,,8,435,166,2025,2009,138,0,-,0,,,,,,,2026-05-11,1,-,2 days,available,
ThomaSmock.com,,,10,119,9,2024,2008,116,0,-,1,,,,,,,2026-05-11,3,-,2 days,available,
klzhai.com,,,6,167,138,2023,2011,166,0,-,0,,,,,,,2026-05-11,-,-,2 days,available,
mibinim.com,,,7,16.6 K,10,2025,2012,171,0,-,0,,,,,,,2026-05-11,-,-,2 days,available,
portalponsel.com,,,12,22.9 K,6,2025,2012,114,0,-,0,,,,,,,2026-05-11,-,-,2 days,available,
maykhoandien.com,,,12,194,14,2025,2014,116,0,-,0,,,,,,,2026-05-11,-,-,2 days,available,
turiviaje.com,,,9,4.8 K,45,2025,2010,97,0,-,0,,,,,,,2026-05-11,3,-,2 days,available,
HiperTela.com,,,9,203,137,2025,2012,103,0,-,1,,,,,,,2026-05-11,2,-,2 days,available,
spamahost.com,,,9,150,140,2025,2010,276,0,-,0,,,,,,,2026-05-11,-,-,2 days,available,
haxballmaps.com,,,11,1.2 K,139,2025,2011,159,0,-,0,,,,,,,2026-05-11,-,1,2 days,available,
yomuslim.com,,,8,124,23,2025,2013,94,0,-,0,,,,,,,2026-05-11,1,-,2 days,available,
androphedia.com,,,11,404,144,2025,2012,115,0,-,0,,,,,,,2026-05-11,-,-,2 days,available,
avestr.com,,,6,301,7,2025,2012,129,0,-,2,,,,,,,2026-05-11,78,-,2 days,available,
wikijojo.com,,,8,149,39,2025,2012,101,0,-,0,,,,,,,2026-05-11,-,-,2 days,available,
ntrfanz.com,,,7,17.1 K,203,2025,2010,139,0,-,0,,,,,,,2026-05-11,-,-,2 days,available,
chikanbarn.com,,,10,206,13,2024,2012,181,0,-,0,,,,,,,2026-05-11,-,3,2 days,available,
BeToMarques.com,,,11,222,9,2025,1998,153,0,-,0,,,,,,,2026-05-11,-,-,2 days,available,
DvdShed.com,,,7,429,23,2025,2004,105,0,-,0,,,,,,,2026-05-11,-,-,2 days,available,
toptextads.com,,,10,157,137,2025,2007,158,0,-,0,,,,,,,2026-05-11,-,-,2 days,available,
babushke.com,,,8,153,10,2025,2010,112,0,-,1,,,,,,,2026-05-11,1,-,2 days,available,
vccbay.com,,,6,450,20,2025,2010,96,0,-,0,,,,,,,2026-05-11,-,-,2 days,available,
MatrixTeens.com,,,11,2.5 K,183,2024,2008,529,0,-,0,,,,,,,2026-05-11,-,-,2 days,available,
TuanShoes.com,,,9,207,13,2025,2005,108,0,-,1,,,,,,,2026-05-11,1,-,2 days,available,
IzonTheKeys.com,,,11,1.2 K,39,2024,2011,111,0,-,0,,,,,,,2026-05-11,1,-,2 days,available,
rakebackftw.com,,,11,308,16,2025,2009,156,0,-,0,,,,,,,2026-05-11,-,1,2 days,available,
DjelfaNews.com,,,10,209,145,2023,2011,252,0,Yes,0,,,,,,,2026-05-11,-,2,2 days,available,
tndatabase.com,,,10,344,46,2025,2005,215,0,-,0,,,,,,,2026-05-11,4,1,2 days,available,
factsnfacts.com,,,11,196,18,2025,2007,229,0,-,0,,,,,,,2026-05-11,-,2,2 days,available,
TomBakerSays.com,,,12,160,21,2025,2006,153,0,-,0,,,,,,,2026-05-11,-,1,2 days,available,
LiverPuncher.com,,,12,175,5,2025,2006,105,0,-,0,,,,,,,2026-05-11,-,2,2 days,available,
JoanSonJones.com,,,12,146,10,2023,2009,145,0,-,0,,,,,,,2026-05-11,-,-,2 days,available,
wvvotes.com,,,7,178,13,2025,2002,143,0,-,1,,,,,,,2026-05-11,2,6,2 days,available,
PatrickCurl.com,,,11,12.5 K,21,2025,2008,320,0,-,1,,,,,,,2026-05-11,2,-,2 days,available,
IseoCompany.com,,,11,378,32,2024,2006,106,0,-,0,,,,,,,2026-05-11,27,-,2 days,available,
suppaddl.com,,,8,178,143,2025,2009,175,0,-,0,,,,,,,2026-05-11,15,-,2 days,available,
DeviantMonk.com,,,11,244,8,2024,2007,198,0,-,0,,,,,,,2026-05-11,2,-,2 days,available,
doublemcanoe.com,,,12,537,6,2025,1998,102,0,-,0,,,,,,,2026-05-11,-,-,2 days,available,
beuliland.com,,,9,880,16,2024,2002,129,0,-,0,,,,,,,2026-05-11,-,-,2 days,available,
sbsalsa.com,,,7,221,11,2024,1999,165,0,-,0,,,,,,,2026-05-11,1,-,2 days,available,
talltreesnz.com,,,11,377,105,2025,2006,116,0,-,0,,,,,,,2026-05-11,-,-,2 days,available,
CaptainWag.com,,,10,162,141,2025,2010,123,0,-,0,,,,,,,2026-05-11,2,-,2 days,available,
symwoo.com,,,6,274,13,2025,1999,97,0,-,0,,,,,,,2026-05-11,1,8,2 days,available,
actuannuaire.com,,,12,3.6 K,69,2024,2005,181,0,-,0,,,,,,,2026-05-11,-,-,2 days,available,
prednisonert.com,,,12,7.5 K,317,2025,2021,103,0,-,1,,,,,,,2026-05-11,-,-,2 days,available,
trjfp.com,,,5,477,88,2023,2019,128,0,-,0,,,,,,,2026-05-11,2,-,2 days,available,
rvnners.com,,,7,150,5,2025,2017,99,0,-,0,,,,,,,2026-05-11,1,-,2 days,available,
thelocdbella.com,,,12,589,25,2024,2016,95,0,-,0,,,,,,,2026-05-11,-,-,2 days,available,
peacefmoline.com,,,12,950,53,2025,2010,141,0,-,0,,,,,,,2026-05-11,-,-,2 days,available,
flashcsore.com,,,10,362,15,2025,2010,124,0,-,0,,,,,,,2026-05-11,-,-,2 days,available,
takipcibegen.com,,,12,98,83,2025,2017,90,0,-,0,,,,,,,2026-05-11,6,-,2 days,available,
papkam.com,,,6,180,139,2025,2011,125,0,-,3,,,,,,,2026-05-11,-,-,2 days,available,
ixirhaber.com,,,9,299,140,2025,2011,205,0,-,0,,,,,,,2026-05-11,-,1,2 days,available,
GottaTea.com,,,8,5.0 K,17,2025,2010,177,0,-,0,,,,,,,2026-05-11,3,3,2 days,available,
strivney.com,,,8,134,24,2025,2009,107,0,-,0,,,,,,,2026-05-11,1,-,2 days,available,
lizpenfold.com,,,10,180,12,2025,2000,217,0,-,0,,,,,,,2026-05-11,-,-,2 days,available,
bestofcayo.com,,,10,269,9,2025,2009,93,0,-,0,,,,,,,2026-05-11,-,2,2 days,available,
ivominchev.com,,,10,680,6,2023,2008,114,0,-,0,,,,,,,2026-05-10,-,-,3 days,available,
qiuwarung.com,,,9,105,96,2024,2019,90,0,-,0,,,,,,,2026-05-10,-,-,3 days,available,
solocodigos.com,,,11,3.2 K,30,2025,2004,96,0,-,1,,,,,,,2026-05-10,-,-,3 days,available,
robinava.com,,,8,311,7,2025,2017,102,0,-,1,,,,,,,2026-05-10,2,1,3 days,available,
kurohogama.com,,,10,1.2 K,238,2025,2004,95,0,-,0,,,,,,,2026-05-10,-,-,3 days,available,
mimpiqq.com,,,7,165,17,2025,2017,108,0,-,0,,,,,,,2026-05-10,-,-,3 days,available,
padypady.com,,,8,114,6,2025,2014,163,0,-,0,,,,,,,2026-05-10,-,-,3 days,available,
weareseos.com,,,9,2.4 K,91,2023,2013,152,0,-,0,,,,,,,2026-05-10,1,-,3 days,available,
igmish.com,,,6,92,12,2025,2015,111,0,-,0,,,,,,,2026-05-10,4,-,3 days,available,
RoverRob.com,,,8,180,10,2024,2006,95,0,-,0,,,,,,,2026-05-10,6,-,3 days,available,
briellaarion.com,,,12,276,9,2025,2012,149,0,-,0,,,,,,,2026-05-10,-,-,3 days,available,
TheBarberSpa.com,,,12,155,14,2025,2004,122,0,-,2,,,,,,,2026-05-10,6,-,3 days,available,
vnexpess.com,,,8,201,20,2025,2003,117,0,-,1,,,,,,,2026-05-10,2,-,3 days,available,
SarayDanMe.com,,,10,207,24,2025,2014,131,0,-,0,,,,,,,2026-05-10,-,-,3 days,available,
pujiahh.com,,,7,210,151,2025,2012,171,0,-,0,,,,,,,2026-05-10,-,-,3 days,available,
ColiLie.com,,,7,150,9,2025,2012,124,0,-,0,,,,,,,2026-05-10,-,-,3 days,available,
predimoi.com,,,8,224,140,2025,2012,123,0,-,0,,,,,,,2026-05-10,-,-,3 days,available,
wadiziab.com,,,8,465,59,2021,2013,178,0,-,0,,,,,,,2026-05-10,-,-,3 days,available,
folosoft.com,,,8,124,9,2025,2001,144,0,-,0,,,,,,,2026-05-10,-,-,3 days,available,
HatchNorfolk.com,,,12,350,8,2025,2012,103,0,-,0,,,,,,,2026-05-10,-,-,3 days,available,
CultKiev.com,,,8,282,9,2025,2010,138,0,-,0,,,,,,,2026-05-10,-,3,3 days,available,
ToTheTube.com,,,9,135,136,2023,2011,193,0,-,0,,,,,,,2026-05-10,-,-,3 days,available,
RediaNet.com,,,8,150,138,2025,2008,184,0,-,0,,,,,,,2026-05-10,1,1,3 days,available,
HopeProxy.com,,,9,441,145,2025,2006,277,0,-,1,,,,,,,2026-05-10,-,-,3 days,available,
JayLehr.com,,,7,201,9,2024,2009,115,0,-,0,,,,,,,2026-05-10,1,-,3 days,available,
sfdlondon.com,,,9,159,9,2024,2011,90,0,-,4,,,,,,,2026-05-10,8,2,3 days,available,
astrogrrl.com,,,9,258,7,2023,2005,221,0,-,0,,,,,,,2026-05-10,-,-,3 days,available,
pokerftp.com,,,8,129,140,2022,2009,165,0,-,0,,,,,,,2026-05-10,-,-,3 days,available,
ozracetools.com,,,11,471,40,2023,2003,550,0,-,0,,,,,,,2026-05-10,-,-,3 days,available,
AllBlogLink.com,,,11,188,138,2022,2006,222,0,-,0,,,,,,,2026-05-10,-,-,3 days,available,
lebdvore.com,,,8,204,18,2025,2007,207,0,-,0,,,,,,,2026-05-10,-,8,3 days,available,
dunianopy.com,,,9,84.2 K,10,2025,2009,174,0,-,0,,,,,,,2026-05-10,-,-,3 days,available,
monkeychapps.com,,,12,180,18,2024,2008,108,0,-,0,,,,,,,2026-05-10,-,-,3 days,available,
maisonbatlo.com,,,11,2.5 K,10,2025,2010,98,0,-,0,,,,,,,2026-05-10,-,-,3 days,available,
TantumWeb.com,,,9,478.6 K,12,2023,2009,200,0,-,0,,,,,,,2026-05-10,1,-,3 days,available,
espritvtec.com,,,10,203,10,2025,2003,151,0,-,0,,,,,,,2026-05-10,-,-,3 days,available,
nikkisivils.com,,,11,150,14,2025,2009,112,0,-,0,,,,,,,2026-05-10,-,-,3 days,available,
purzuit.com,,,7,228,172,2022,2008,221,0,-,0,,,,,,,2026-05-10,2,3,3 days,available,
inetsukses.com,,,10,279,30,2024,2009,99,0,-,0,,,,,,,2026-05-10,-,-,3 days,available,
TumBoor.com,,,7,163,153,2025,2008,131,0,-,0,,,,,,,2026-05-10,-,-,3 days,available,
hardrxstore.com,,,11,413,24,2023,2023,109,0,-,0,,,,,,,2026-05-10,-,-,3 days,available,
joebarcala.com,,,10,155,9,2025,2015,186,0,-,0,,,,,,,2026-05-10,-,-,3 days,available,
sukhimatot.com,,,10,791,31,2025,2015,135,0,-,0,,,,,,,2026-05-10,-,-,3 days,available,
BollyBerg.com,,,9,541,26,2025,2013,184,0,-,0,,,,,,,2026-05-10,-,-,3 days,available,
okremont.com,,,8,1.5 K,19,2025,2014,307,0,-,2,,,,,,,2026-05-10,-,-,3 days,available,
ebookcdrom.com,,,10,166,13,2024,2001,131,0,-,0,,,,,,,2026-05-10,-,5,3 days,available,
musikkamu.com,,,9,197,138,2025,2002,153,0,-,0,,,,,,,2026-05-09,-,-,4 days,available,
suscene.com,,,7,153,10,2025,2006,152,0,-,0,,,,,,,2026-05-09,-,-,4 days,available,
AutosConArte.com,,,12,759,11,2025,2008,153,0,-,0,,,,,,,2026-05-09,-,-,4 days,available,
dajiwatch.com,,,9,733,6,2025,2009,174,0,-,0,,,,,,,2026-05-09,-,-,4 days,available,
leshoparcade.com,,,12,497,27,2025,2009,119,0,-,0,,,,,,,2026-05-09,-,-,4 days,available,
abitgames.com,,,9,143,11,2025,2011,160,0,-,1,,,,,,,2026-05-09,23,-,4 days,available,
GlitzCinemas.com,,,12,206,148,2023,2009,200,0,-,0,,,,,,,2026-05-09,-,-,4 days,available,
jiowinners.com,,,10,409,112,2024,2018,124,0,-,0,,,,,,,2026-05-09,-,-,4 days,available,
klydesf.com,,,7,231,11,2024,2014,93,0,-,0,,,,,,,2026-05-09,-,-,4 days,available,
malinovskaja.com,,,12,95,10,2023,2013,109,0,-,0,,,,,,,2026-05-09,1,-,4 days,available,
PegAsBaby.com,,,9,65.2 K,155,2025,2013,143,976.7 K,-,0,,,,,,,2026-05-09,-,-,4 days,available,
rnrinmyblood.com,,,12,345,14,2025,2013,158,0,-,0,,,,,,,2026-05-09,-,5,4 days,available,
hayalineuc.com,,,10,1.8 K,8,2025,2013,130,0,-,0,,,,,,,2026-05-09,-,-,4 days,available,
AllDoomed.com,,,9,188,141,2023,2011,204,0,-,0,,,,,,,2026-05-09,4,-,4 days,available,
mufonquebec.com,,,11,271,11,2024,2015,121,0,-,0,,,,,,,2026-05-09,-,-,4 days,available,
dbgreetings.com,,,11,198,137,2024,2010,169,0,-,0,,,,,,,2026-05-09,-,-,4 days,available,
KansHiFang.com,,,10,161,137,2024,2012,205,0,-,0,,,,,,,2026-05-09,-,-,4 days,available,
IndiaBucket.com,,,11,371,150,2023,2010,212,0,-,0,,,,,,,2026-05-09,-,-,4 days,available,
framote.com,,,7,214,13,2025,2012,122,0,-,0,,,,,,,2026-05-09,4,-,4 days,available,
AmiaToo.com,,,7,1.2 K,33,2025,2013,155,0,-,0,,,,,,,2026-05-09,2,-,4 days,available,
MedianAft.com,,,9,212,136,2024,2010,149,0,-,1,,,,,,,2026-05-09,-,-,4 days,available,
ThemeSumo.com,,,9,323,140,2025,2011,195,0,-,0,,,,,,,2026-05-09,-,-,4 days,available,
milesendbnb.com,,,11,178,9,2023,2011,124,0,-,0,,,,,,,2026-05-09,-,-,4 days,available,
SpecialPunch.com,,,12,189,142,2023,2011,194,0,-,0,,,,,,,2026-05-09,-,-,4 days,available,
NicolasLade.com,,,11,509,8,2025,2005,149,0,-,1,,,,,,,2026-05-09,-,-,4 days,available,
wlthemes.com,,,8,899,12,2025,2013,180,0,-,0,,,,,,,2026-05-09,4,-,4 days,available,
alasehat.com,,,8,417,19,2025,2011,126,0,-,1,,,,,,,2026-05-09,2,-,4 days,available,
arfromefloyd.com,,,12,922,29,2025,2012,103,0,-,0,,,,,,,2026-05-09,-,-,4 days,available,
shuichulipam.com,,,12,224,174,2024,2010,178,0,-,0,,,,,,,2026-05-09,-,-,4 days,available,
kisahnye.com,,,8,227,8,2025,2011,151,0,-,0,,,,,,,2026-05-09,-,-,4 days,available,
topengku.com,,,8,254,23,2023,2011,97,0,-,0,,,,,,,2026-05-09,-,-,4 days,available,
MummyWifeMe.com,,,11,5.4 K,20,2024,2013,131,0,-,0,,,,,,,2026-05-09,-,-,4 days,available,
aisiqq.com,,,6,188,139,2025,2011,170,0,-,0,,,,,,,2026-05-09,-,-,4 days,available,
DevensLaw.com,,,9,331,7,2023,2010,108,0,-,0,,,,,,,2026-05-09,-,-,4 days,available,
ManDieLane.com,,,10,230,5,2025,2010,117,0,-,0,,,,,,,2026-05-09,-,-,4 days,available,
chatcloob.com,,,9,122,137,2021,2007,196,0,-,1,,,,,,,2026-05-09,-,-,4 days,available,
tridelphia.com,,,10,112,7,2025,1999,129,0,-,1,,,,,,,2026-05-09,3,-,4 days,available,
hostfilez.com,,,9,173,11,2025,2006,116,0,-,0,,,,,,,2026-05-09,-,-,4 days,available,
KissingSpell.com,,,12,110,14,2025,2001,108,0,-,1,,,,,,,2026-05-09,-,-,4 days,available,
SportsTwit.com,,,10,246,6,2025,2008,95,0,-,1,,,,,,,2026-05-09,4,-,4 days,available,
SeekersPub.com,,,10,184,6,2025,1996,145,0,-,0,,,,,,,2026-05-09,-,-,4 days,available,
eridesktop.com,,,10,362,11,2024,2010,161,0,-,0,,,,,,,2026-05-09,-,-,4 days,available,
noamdayan.com,,,9,126,10,2025,2009,143,0,-,0,,,,,,,2026-05-09,-,-,4 days,available,
BullrunArt.com,,,10,439,11,2025,2002,141,0,-,1,,,,,,,2026-05-09,-,-,4 days,available,
CashelHostel.com,,,12,306,8,2021,2003,187,0,-,0,,,,,,,2026-05-09,-,-,4 days,available,
HankAndMike.com,,,11,247,11,2025,2004,105,0,-,0,,,,,,,2026-05-09,-,1,4 days,available,
acclapiers.com,,,10,269,8,2025,2007,210,0,-,1,,,,,,,2026-05-09,-,-,4 days,available,
gamezindia.com,,,10,5.7 K,147,2025,2007,367,0,-,0,,,,,,,2026-05-09,2,4,4 days,available,
ChrisPerfect.com,,,12,184,11,2025,2000,202,0,-,2,,,,,,,2026-05-09,2,-,4 days,available,
EngAgeingArt.com,,,12,669,11,2025,2002,160,0,-,0,,,,,,,2026-05-09,-,-,4 days,available,
cjdmusic.com,,,8,223,12,2025,2009,146,0,-,0,,,,,,,2026-05-09,-,18,4 days,available,
siyahsapkali.com,,,12,169,138,2025,2008,224,0,-,0,,,,,,,2026-05-09,-,-,4 days,available,
papressblog.com,,,11,527,8,2025,2007,157,0,-,0,,,,,,,2026-05-09,-,-,4 days,available,
LearnToLight.com,,,12,91,8,2025,2008,180,0,-,0,,,,,,,2026-05-09,1,-,4 days,available,
imicrovision.com,,,12,170,6,2025,1998,100,0,-,0,,,,,,,2026-05-09,2,-,4 days,available,
TrahTor.com,,,7,110,10,2025,2005,204,0,-,3,,,,,,,2026-05-09,1,-,4 days,available,
TriplexZone.com,,,11,189,144,2023,2002,146,0,-,0,,,,,,,2026-05-09,-,-,4 days,available,
handivoix.com,,,9,163,7,2024,2011,96,0,-,0,,,,,,,2026-05-09,-,-,4 days,available,
ManageToTest.com,,,12,158,6,2025,2011,107,0,-,0,,,,,,,2026-05-09,-,-,4 days,available,
hautemagie.com,,,10,3.8 K,7,2025,2008,90,0,-,1,,,,,,,2026-05-09,-,-,4 days,available,
NanoWebTech.com,,,11,198,145,2025,2009,195,0,-,1,,,,,,,2026-05-09,1,-,4 days,available,
gedees.com,,,6,283,10,2021,2018,94,0,-,1,,,,,,,2026-05-09,-,-,4 days,available,
pczoneshop.com,,,10,188,141,2025,2012,118,0,-,1,,,,,,,2026-05-09,-,-,4 days,available,
ModKiller.com,,,9,413,42,2025,2008,95,0,-,0,,,,,,,2026-05-09,1,-,4 days,available,
megafonija.com,,,10,110,7,2025,2006,147,0,-,1,,,,,,,2026-05-09,-,9,4 days,available,
SydneyTribe.com,,,11,154,13,2025,2000,98,0,-,0,,,,,,,2026-05-08,-,-,5 days,available,
deliroppongi.com,,,12,152.3 K,138,2025,2010,99,0,-,0,,,,,,,2026-05-08,-,-,5 days,available,
vasheslovo.com,,,10,166,138,2025,2008,210,0,-,1,,,,,,,2026-05-08,-,-,5 days,available,
arenhack.com,,,8,216,19,2025,2003,142,0,-,0,,,,,,,2026-05-08,-,-,5 days,available,
ekispresso.com,,,10,9.5 K,252,2025,2010,102,0,-,0,,,,,,,2026-05-08,-,-,5 days,available,
CrackZee.com,,,8,139,35,2025,2017,125,0,-,0,,,,,,,2026-05-08,-,-,5 days,available,
YouPunish.com,,,9,197,140,2025,2011,188,0,-,0,,,,,,,2026-05-08,-,-,5 days,available,
viralxfiles.com,,,11,226,7,2025,2016,185,0,-,0,,,,,,,2026-05-08,-,-,5 days,available,
bilugat.com,,,7,288,14,2025,2015,123,0,Yes,0,,,,,,,2026-05-08,-,-,5 days,available,
amipsyche.com,,,9,247,16,2024,2014,213,0,-,0,,,,,,,2026-05-08,1,-,5 days,available,
PusAtVitamin.com,,,12,182,8,2025,2014,105,0,-,0,,,,,,,2026-05-08,-,-,5 days,available,
PassTheCocoa.com,,,12,285,18,2025,2013,124,0,-,0,,,,,,,2026-05-08,-,-,5 days,available,
GetLikeHits.com,,,11,194,145,2025,2012,147,0,-,0,,,,,,,2026-05-08,-,-,5 days,available,
andicsinger.com,,,11,195,11,2025,2016,175,0,-,0,,,,,,,2026-05-08,-,-,5 days,available,
janhatchett.com,,,11,192,10,2025,2011,120,0,-,0,,,,,,,2026-05-08,-,-,5 days,available,
pepperboxpdx.com,,,12,99,9,2024,2012,170,0,-,0,,,,,,,2026-05-08,-,-,5 days,available,
ParsisPress.com,,,11,157,155,2025,2011,105,0,-,0,,,,,,,2026-05-08,-,2,5 days,available,
bisnistas.com,,,9,406,140,2025,2011,122,0,-,0,,,,,,,2026-05-08,1,-,5 days,available,
groupenovice.com,,,12,132,9,2024,2004,102,0,-,0,,,,,,,2026-05-08,-,-,5 days,available,
vprxblog.com,,,8,789,24,2024,2013,90,0,-,0,,,,,,,2026-05-08,-,-,5 days,available,
ytephuongmai.com,,,12,138,6,2024,2013,92,0,-,0,,,,,,,2026-05-08,2,-,5 days,available,
ThePillCare.com,,,11,6.3 K,79,2025,2012,117,0,-,0,,,,,,,2026-05-08,-,-,5 days,available,
lucastafur.com,,,10,4.6 K,147,2024,2011,187,0,-,0,,,,,,,2026-05-08,-,-,5 days,available,
crasierfrane.com,,,12,171,5,2025,2010,113,0,-,0,,,,,,,2026-05-08,-,17,5 days,available,
lexthinkllc.com,,,11,168,9,2025,2010,104,0,-,0,,,,,,,2026-05-08,-,-,5 days,available,
nwprod.com,,,6,152,138,2025,2000,132,0,-,0,,,,,,,2026-05-08,24,-,5 days,available,
TopListSeo.com,,,10,681,8,2022,2007,215,0,-,1,,,,,,,2026-05-08,-,-,5 days,available,
TheGameRatOr.com,,,12,364,76,2025,2007,147,0,-,0,,,,,,,2026-05-08,-,-,5 days,available,
SeattlePulp.com,,,11,335,15,2025,2004,122,0,-,0,,,,,,,2026-05-08,-,-,5 days,available,
CouponChad.com,,,10,256,142,2025,2009,146,0,-,0,,,,,,,2026-05-08,-,1,5 days,available,
AllWifeGals.com,,,11,689,25,2023,2006,138,0,-,0,,,,,,,2026-05-08,-,-,5 days,available,
showlnw.com,,,7,237,137,2025,2012,148,0,-,0,,,,,,,2026-05-08,-,-,5 days,available,
GameStencils.com,,,12,308,22,2023,2008,129,0,-,0,,,,,,,2026-05-08,1,-,5 days,available,
FlatsMinsk.com,,,10,178,16,2024,2008,224,0,Yes,0,,,,,,,2026-05-08,-,-,5 days,available,
LocalBump.com,,,9,423,153,2024,2010,173,0,-,0,,,,,,,2026-05-08,1,-,5 days,available,
nineaem.com,,,7,197,11,2025,2002,147,0,-,0,,,,,,,2026-05-08,-,-,5 days,available,
otamaru.com,,,7,122,7,2025,2002,158,0,-,1,,,,,,,2026-05-08,10,-,5 days,available,
djmocity.com,,,8,130,6,2025,2010,133,0,-,0,,,,,,,2026-05-08,-,1,5 days,available,
leirikoulut.com,,,11,647,8,2025,2002,126,0,-,3,,,,,,,2026-05-08,4,-,5 days,available,
unirecasa.com,,,9,188,11,2025,2007,135,0,Yes,0,,,,,,,2026-05-08,-,-,5 days,available,
StyleStoker.com,,,11,323,150,2025,2006,212,0,-,1,,,,,,,2026-05-08,-,-,5 days,available,
chatfriendz.com,,,11,199,142,2023,2007,203,0,-,0,,,,,,,2026-05-08,-,-,5 days,available,
MrsPasTic.com,,,9,470,13,2025,2010,117,0,-,0,,,,,,,2026-05-08,-,-,5 days,available,
BlvdSource.com,,,10,162,11,2025,2006,118,0,-,0,,,,,,,2026-05-08,-,-,5 days,available,
SpiritSalsa.com,,,11,312,25,2025,2001,157,0,-,1,,,,,,,2026-05-08,2,-,5 days,available,
amstafftalk.com,,,11,171,11,2024,2008,180,0,-,0,,,,,,,2026-05-08,-,4,5 days,available,
icixsound.com,,,9,1.1 K,21,2025,2003,188,0,-,0,,,,,,,2026-05-08,-,1,5 days,available,
DanielHeard.com,,,11,229,18,2023,2007,171,0,-,1,,,,,,,2026-05-08,-,-,5 days,available,
teflireland.com,,,11,97,13,2024,2003,194,0,Yes,0,,,,,,,2026-05-08,-,-,5 days,available,
ManicFish.com,,,9,216,16,2025,2005,164,0,-,0,,,,,,,2026-05-08,1,1,5 days,available,
VoxPopMusic.com,,,11,124,6,2025,2004,110,0,-,0,,,,,,,2026-05-08,-,2,5 days,available,
migunstyle.com,,,10,162,142,2025,2008,202,0,-,0,,,,,,,2026-05-08,-,-,5 days,available,
runannonces.com,,,11,144,139,2025,2001,113,0,-,0,,,,,,,2026-05-08,-,-,5 days,available,
themesddl.com,,,9,542,147,2025,2012,218,0,-,0,,,,,,,2026-05-08,-,-,5 days,available,
DirectoryBag.com,,,12,139,28,2024,2007,215,0,-,0,,,,,,,2026-05-07,-,-,6 days,available,
csnbomber.com,,,9,193,47,2022,2022,113,0,-,0,,,,,,,2026-05-07,-,-,6 days,available,
moviesonlin.com,,,11,1.1 K,10,2025,2008,174,0,-,0,,,,,,,2026-05-07,26,-,6 days,available,
xedienmini.com,,,10,362,99,2025,2017,113,0,-,2,,,,,,,2026-05-07,2,-,6 days,available,
ahlikuli.com,,,8,167,11,2026,2019,93,0,-,1,,,,,,,2026-05-07,-,-,6 days,available,
gamingplugg.com,,,11,124,267,2025,2023,108,0,-,0,,,,,,,2026-05-07,-,-,6 days,available,
derjogblog.com,,,10,282,9,2024,2015,95,0,-,0,,,,,,,2026-05-07,-,-,6 days,available,
torrentpmr.com,,,10,102,11,2025,2015,203,0,-,0,,,,,,,2026-05-07,-,1,6 days,available,
gzsruida.com,,,8,952,7,2025,2017,122,0,-,0,,,,,,,2026-05-07,-,-,6 days,available,
intransure.com,,,10,102,8,2026,2015,154,0,-,0,,,,,,,2026-05-07,-,-,6 days,available,
konyaescortr.com,,,12,322,26,2023,2021,127,0,-,0,,,,,,,2026-05-07,-,-,6 days,available,
tafgambia.com,,,9,138,10,2026,2000,180,0,-,0,,,,,,,2026-05-07,2,-,6 days,available,
grndpa.com,,,6,180,6,2026,2015,205,0,-,0,,,,,,,2026-05-07,15,-,6 days,available,
fryvil.com,,,6,574,12,2025,2013,196,0,-,1,,,,,,,2026-05-07,2,1,6 days,available,
minougirl.com,,,9,1.2 K,17,2024,2013,92,0,-,0,,,,,,,2026-05-07,1,-,6 days,available,
hydfz.com,,,5,1.1 K,8,2025,2008,98,0,-,1,,,,,,,2026-05-07,6,-,6 days,available,
cardvdpc.com,,,8,233,7,2024,2012,135,0,-,0,,,,,,,2026-05-07,-,-,6 days,available,
LanceAndJeff.com,,,12,228,8,2023,2012,97,0,-,0,,,,,,,2026-05-07,-,-,6 days,available,
smartshopbg.com,,,11,153,14,2024,2013,115,0,-,0,,,,,,,2026-05-07,-,-,6 days,available,
maddysbar.com,,,9,293,8,2026,2003,105,0,-,0,,,,,,,2026-05-07,2,-,6 days,available,
chatspotmd.com,,,10,718,27,2025,2013,177,0,-,0,,,,,,,2026-05-07,-,-,6 days,available,
beconected.com,,,10,141,31,2025,2013,103,0,-,1,,,,,,,2026-05-07,2,-,6 days,available,
andyboyns.com,,,9,193,7,2024,2010,192,0,-,0,,,,,,,2026-05-07,-,-,6 days,available,
NewsAuthors.com,,,11,204,141,2025,2012,452,0,-,1,,,,,,,2026-05-07,2,-,6 days,available,
beblyrecords.com,,,12,243,13,2024,2012,99,0,-,0,,,,,,,2026-05-07,-,-,6 days,available,
gamerzpedia.com,,,11,165,138,2023,2011,246,0,-,0,,,,,,,2026-05-07,-,-,6 days,available,
uymtlm.com,,,6,249,22,2025,2013,111,0,-,0,,,,,,,2026-05-07,-,-,6 days,available,
wwaspdiaries.com,,,12,257,12,2025,2012,204,0,-,0,,,,,,,2026-05-07,-,-,6 days,available,
housaholics.com,,,11,126,11,2022,2011,99,0,-,1,,,,,,,2026-05-07,-,-,6 days,available,
EugeneAgogo.com,,,11,1.7 K,8,2025,2011,386,0,-,0,,,,,,,2026-05-07,-,3,6 days,available,
TracerTong.com,,,10,107,11,2025,2006,126,0,-,1,,,,,,,2026-05-07,-,-,6 days,available,
DrayFerAydin.com,,,12,138,49,2025,2011,107,0,-,0,,,,,,,2026-05-07,-,-,6 days,available,
ArticleGogo.com,,,11,161,146,2024,2012,205,0,-,0,,,,,,,2026-05-07,-,-,6 days,available,
KinfolkSinc.com,,,11,107,6,2026,2004,117,0,-,1,,,,,,,2026-05-07,2,-,6 days,available,
evilhk.com,,,6,1.5 K,6,2025,2010,92,0,-,0,,,,,,,2026-05-07,1,-,6 days,available,
koizle.com,,,6,23.2 K,14,2021,2007,250,0,-,0,,,,,,,2026-05-07,-,-,6 days,available,
titobudiman.com,,,11,184,141,2025,2009,202,0,-,0,,,,,,,2026-05-07,-,-,6 days,available,
GreatScat.com,,,9,4.0 K,6,2024,2008,138,0,-,0,,,,,,,2026-05-07,1,1,6 days,available,
scifargo.com,,,8,123,9,2026,2000,135,0,-,1,,,,,,,2026-05-07,-,-,6 days,available,
InternalRank.com,,,12,159,140,2023,2004,169,0,-,0,,,,,,,2026-05-07,-,-,6 days,available,
ColibriMall.com,,,11,97,16,2023,2007,145,0,-,1,,,,,,,2026-05-07,-,-,6 days,available,
karaholics.com,,,10,173,9,2023,2008,116,0,-,3,,,,,,,2026-05-07,-,-,6 days,available,
KeeneSales.com,,,10,126,14,2025,2008,92,0,-,0,,,,,,,2026-05-07,-,-,6 days,available,
AshaImports.com,,,11,268,9,2026,2006,114,0,-,0,,,,,,,2026-05-07,1,-,6 days,available,
bgsimcard.com,,,9,119,7,2024,2008,168,0,-,0,,,,,,,2026-05-07,-,-,6 days,available,
jsprentals.com,,,10,1.2 K,7,2026,2004,116,0,-,0,,,,,,,2026-05-07,-,-,6 days,available,
antiochpd.com,,,9,388,31,2026,2002,155,0,-,0,,,,,,,2026-05-07,3,-,6 days,available,
kwidgets.com,,,8,268,10,2025,2005,246,0,-,0,,,,,,,2026-05-07,29,-,6 days,available,
mlwtelecom.com,,,10,184,148,2026,2006,178,0,-,0,,,,,,,2026-05-07,-,-,6 days,available,
libocceclub.com,,,11,320,11,2025,2002,139,0,-,0,,,,,,,2026-05-07,-,2,6 days,available,
aaapilots.com,,,9,183,12,2026,2003,165,0,-,0,,,,,,,2026-05-07,1,1,6 days,available,
FergusGreer.com,,,11,237,12,2026,2001,161,0,-,1,,,,,,,2026-05-07,1,-,6 days,available,
frantschach.com,,,11,180,19,2026,2000,187,0,-,2,,,,,,,2026-05-07,1,-,6 days,available,
citaliatours.com,,,12,322,7,2025,2007,133,0,-,0,,,,,,,2026-05-07,-,-,6 days,available,
QuintoHache.com,,,11,174,15,2026,2008,186,0,-,0,,,,,,,2026-05-07,-,-,6 days,available,
quasimodos.com,,,10,256,25,2025,2001,138,0,-,2,,,,,,,2026-05-07,7,5,6 days,available,
marsangida.com,,,10,183,12,2026,2008,127,0,-,0,,,,,,,2026-05-07,-,6,6 days,available,
gfsoul.com,,,6,170,142,2026,2009,153,0,-,0,,,,,,,2026-05-07,-,-,6 days,available,
SolarSippers.com,,,12,205,8,2026,2005,146,0,-,0,,,,,,,2026-05-07,-,-,6 days,available,
HerPetoMania.com,,,12,108,10,2024,2003,208,0,Yes,1,,,,,,,2026-05-07,-,1,6 days,available,
SmellyHoodie.com,,,12,159,57,2025,2022,93,0,-,0,,,,,,,2026-05-07,-,-,6 days,available,
TanHatMining.com,,,12,91,10,2026,2003,133,0,-,0,,,,,,,2026-05-07,-,-,6 days,available,
untameduk.com,,,9,383,7,2025,2019,99,0,-,0,,,,,,,2026-05-07,-,-,6 days,available,
grupmuzikal.com,,,11,91,8,2026,2009,109,0,Yes,0,,,,,,,2026-05-07,-,-,6 days,available,
souyokusha.com,,,10,96,8,2025,2016,154,0,-,1,,,,,,,2026-05-07,-,-,6 days,available,
DaisyTheBus.com,,,11,398,24,2024,2016,113,0,-,0,,,,,,,2026-05-07,-,-,6 days,available,
PromoCouches.com,,,12,131,8,2025,2013,128,0,-,2,,,,,,,2026-05-07,2,-,6 days,available,
TechNewsMob.com,,,11,161,8,2023,2015,128,0,-,0,,,,,,,2026-05-07,1,-,6 days,available,
domainmtp.com,,,9,174,7,2026,2013,129,0,-,0,,,,,,,2026-05-07,-,-,6 days,available,
strelbooks.com,,,10,466,48,2026,2014,411,0,-,0,,,,,,,2026-05-07,5,3,6 days,available,
savvymujer.com,,,10,266,34,2025,2012,116,0,-,0,,,,,,,2026-05-07,-,-,6 days,available,
sebastianrey.com,,,12,218,17,2025,2011,123,0,-,1,,,,,,,2026-05-07,10,-,6 days,available,
studioimi.com,,,9,99,12,2026,2003,139,0,Yes,1,,,,,,,2026-05-07,3,-,6 days,available,
thegtacenter.com,,,12,252,12,2025,2006,128,0,Yes,0,,,,,,,2026-05-07,-,-,6 days,available,
ByronCowling.com,,,12,561,20,2025,2004,134,0,-,0,,,,,,,2026-05-07,1,-,6 days,available,
TangOblivion.com,,,12,122,21,2025,2005,126,0,-,1,,,,,,,2026-05-06,4,-,7 days,available,
BinAncePanda.com,,,12,190,160,2021,2021,153,0,-,0,,,,,,,2026-05-06,-,-,7 days,available,
plfored.com,,,7,3.3 K,122,2024,2020,127,0,-,0,,,,,,,2026-05-06,-,-,7 days,available,
NashTup.com,,,7,514,81,2025,2015,123,0,-,0,,,,,,,2026-05-06,-,1,7 days,available,
lahaiseslair.com,,,12,986,11,2025,2009,113,0,-,0,,,,,,,2026-05-06,-,-,7 days,available,
NewSatHorn.com,,,10,129,14,2026,2004,154,0,-,0,,,,,,,2026-05-06,-,-,7 days,available,
almohafez.com,,,9,139,7,2025,2016,102,0,-,0,,,,,,,2026-05-06,4,-,7 days,available,
aravaggio.com,,,9,219,7,2025,2007,106,0,-,0,,,,,,,2026-05-06,105,-,7 days,available,
growinpallet.com,,,12,159,9,2025,2013,127,0,-,0,,,,,,,2026-05-06,-,-,7 days,available,
ringsabelle.com,,,11,571,32,2024,2015,123,0,-,0,,,,,,,2026-05-06,-,-,7 days,available,
ausanil.com,,,7,155,8,2025,2014,103,0,-,0,,,,,,,2026-05-06,-,-,7 days,available,
znaddanz.com,,,8,172,8,2025,2005,150,0,-,0,,,,,,,2026-05-06,-,-,7 days,available,
cnyouw.com,,,6,244,139,2025,2009,210,0,-,2,,,,,,,2026-05-06,7,-,7 days,available,
PrimeMeIden.com,,,11,267,6,2025,2014,136,0,-,0,,,,,,,2026-05-06,-,1,7 days,available,
CamsDesire.com,,,10,122,15,2025,2011,187,0,-,0,,,,,,,2026-05-06,-,-,7 days,available,
TheBridgeJam.com,,,12,185,13,2025,2015,136,0,-,0,,,,,,,2026-05-06,2,-,7 days,available,
myhealthwiz.com,,,11,231,5,2025,2013,134,0,-,0,,,,,,,2026-05-06,2,-,7 days,available,
fatemiyon.com,,,9,517,17,2025,2006,231,0,-,2,,,,,,,2026-05-06,2,1,7 days,available,
ahmedelazab.com,,,11,780,30,2025,2014,92,0,-,0,,,,,,,2026-05-06,-,-,7 days,available,
krassandco.com,,,10,487,19,2025,2013,247,0,-,0,,,,,,,2026-05-06,-,-,7 days,available,
amazinite.com,,,9,272,20,2025,2013,127,0,-,0,,,,,,,2026-05-06,-,-,7 days,available,
latiendadejm.com,,,12,205,7,2025,2013,162,0,-,0,,,,,,,2026-05-06,-,-,7 days,available,
lsengler.com,,,8,257,10,2025,2011,114,0,-,1,,,,,,,2026-05-06,2,-,7 days,available,
BrittMetal.com,,,10,111,6,2025,2000,177,0,-,0,,,,,,,2026-05-06,1,-,7 days,available,
coqueluxos.com,,,10,276,12,2025,2011,159,0,-,0,,,,,,,2026-05-06,-,-,7 days,available,
alfclincoln.com,,,11,155,7,2025,2012,129,0,-,0,,,,,,,2026-05-06,-,-,7 days,available,
AlfaLingUs.com,,,10,164,138,2025,2012,129,0,-,0,,,,,,,2026-05-06,-,-,7 days,available,
zadenrow.com,,,8,280,9,2025,2012,122,0,-,0,,,,,,,2026-05-06,-,-,7 days,available,
palaisaziza.com,,,11,382,15,2025,2011,114,0,-,0,,,,,,,2026-05-06,1,-,7 days,available,
apputiles.com,,,9,146,138,2023,2011,108,0,-,0,,,,,,,2026-05-06,-,-,7 days,available,
MateOfMine.com,,,10,211,17,2025,2004,130,0,-,0,,,,,,,2026-05-06,-,-,7 days,available,
huagallery.com,,,10,162,8,2025,2001,127,0,-,0,,,,,,,2026-05-06,8,-,7 days,available,
CreasyWeb.com,,,9,346,14,2025,2004,175,0,-,0,,,,,,,2026-05-06,-,-,7 days,available,
BangHornyMom.com,,,12,145,138,2022,2009,95,0,-,0,,,,,,,2026-05-06,-,-,7 days,available,
vayaface.com,,,8,395,141,2025,2011,132,0,-,1,,,,,,,2026-05-06,-,-,7 days,available,
asyahedu.com,,,8,65.0 K,7,2025,2004,131,0,-,0,,,,,,,2026-05-06,-,1,7 days,available,
HondaUpdates.com,,,12,105,24,2025,2009,105,0,-,0,,,,,,,2026-05-06,-,-,7 days,available,
ToopHotel.com,,,9,139,141,2025,2011,142,0,-,0,,,,,,,2026-05-06,-,-,7 days,available,
dogwoodnyc.com,,,10,285,7,2025,2013,128,0,-,0,,,,,,,2026-05-06,-,-,7 days,available,
cbsetoday.com,,,9,252,15,2024,2016,132,0,-,0,,,,,,,2026-05-06,-,-,7 days,available,
fashionufeel.com,,,12,161,6,2025,2012,107,0,-,0,,,,,,,2026-05-06,-,-,7 days,available,
NetworkSkate.com,,,12,304,145,2025,2010,178,0,-,0,,,,,,,2026-05-06,-,-,7 days,available,
NeoBeBox.com,,,8,243,27,2025,2006,128,0,-,0,,,,,,,2026-05-06,-,-,7 days,available,
CushEase.com,,,8,102,11,2025,2011,94,0,-,0,,,,,,,2026-05-06,-,-,7 days,available,
morrademedo.com,,,11,154,6,2025,2010,94,0,-,0,,,,,,,2026-05-06,-,-,7 days,available,
scottzlateff.com,,,12,146,146,2025,2010,208,0,-,0,,,,,,,2026-05-06,-,-,7 days,available,
nissparta.com,,,9,343,11,2025,1999,198,0,-,0,,,,,,,2026-05-06,-,-,7 days,available,
livetraf.com,,,8,163,138,2025,2009,95,0,-,0,,,,,,,2026-05-06,41,-,7 days,available,
persianfa.com,,,9,318,144,2024,2007,137,0,-,0,,,,,,,2026-05-06,40,6,7 days,available,
jacksimilan.com,,,11,92,7,2025,2003,124,0,-,0,,,,,,,2026-05-06,-,-,7 days,available,
AllyCanoes.com,,,10,119,10,2025,2007,93,0,-,1,,,,,,,2026-05-06,-,-,7 days,available,
dmcentire.com,,,9,198,7,2025,2008,128,0,-,0,,,,,,,2026-05-06,8,-,7 days,available,
magrinishoes.com,,,12,309,7,2026,2004,115,0,Yes,0,,,,,,,2026-05-06,-,-,7 days,available,
MawDecals.com,,,9,752,20,2025,2006,98,0,-,0,,,,,,,2026-05-06,-,-,7 days,available,
MiniKitTour.com,,,11,1.1 K,6,2025,2009,137,0,-,0,,,,,,,2026-05-06,-,-,7 days,available,
rawkoncept.com,,,10,175,16,2025,2010,204,0,-,0,,,,,,,2026-05-06,1,4,7 days,available,
crcwis.com,,,6,22.2 K,11,2025,1998,167,0,-,0,,,,,,,2026-05-06,-,-,7 days,available,
netaplan.com,,,8,317,139,2025,2006,108,0,-,1,,,,,,,2026-05-06,3,-,7 days,available,
asmomarine.com,,,10,173,17,2025,2001,217,0,-,0,,,,,,,2026-05-06,-,-,7 days,available,
kikichante.com,,,10,116,8,2025,2006,155,0,-,0,,,,,,,2026-05-06,-,-,7 days,available,
DeluxeBmx.com,,,9,3.9 K,25,2025,2008,208,0,-,0,,,,,,,2026-05-06,-,-,7 days,available,
MaryLockwood.com,,,12,237,12,2025,2006,123,0,-,1,,,,,,,2026-05-06,1,-,7 days,available,
FreeStuffPro.com,,,12,242,55,2024,2002,117,0,-,0,,,,,,,2026-05-06,-,-,7 days,available,
sotkarealty.com,,,11,212,19,2025,2005,98,0,-,0,,,,,,,2026-05-06,-,-,7 days,available,
fastdigitel.com,,,11,104,35,2025,2001,156,0,-,0,,,,,,,2026-05-06,-,-,7 days,available,
HugHeSind.com,,,9,126,10,2025,1997,147,0,-,1,,,,,,,2026-05-06,7,-,7 days,available,
fotosmix.com,,,8,153,6,2025,2007,160,0,-,1,,,,,,,2026-05-06,-,-,7 days,available,
TropicalList.com,,,12,128,136,2025,2008,121,0,-,0,,,,,,,2026-05-06,3,-,7 days,available,
FalcoMusa.com,,,9,156,6,2025,2004,133,0,-,0,,,,,,,2026-05-06,-,-,7 days,available,
grupogesfor.com,,,11,1.8 K,11,2025,2003,90,0,-,1,,,,,,,2026-05-06,1,-,7 days,available,
sprtzone.com,,,8,109,6,2025,2002,173,0,-,2,,,,,,,2026-05-06,1,-,7 days,available,
AddBabes.com,,,8,210,148,2022,2007,136,0,-,0,,,,,,,2026-05-06,-,-,7 days,available,
padonma.com,,,7,122,7,2025,2007,91,0,-,3,,,,,,,2026-05-06,10,-,7 days,available,
otslogistic.com,,,11,131,86,2025,2019,100,0,-,0,,,,,,,2026-05-06,8,-,7 days,available,
jtgstudio.com,,,9,97,8,2021,2008,120,0,-,0,,,,,,,2026-05-06,-,-,7 days,available,
koshauae.com,,,8,588,104,2025,2016,136,0,-,0,,,,,,,2026-05-06,-,-,7 days,available,
tulisbaca.com,,,9,134,7,2025,2013,130,0,-,0,,,,,,,2026-05-06,-,-,7 days,available,
BundleUpSale.com,,,12,173,17,2025,2014,114,0,-,0,,,,,,,2026-05-06,-,-,7 days,available,
thanglongosc.com,,,12,172,45,2025,2013,216,0,-,2,,,,,,,2026-05-06,2,-,7 days,available,
aprendagames.com,,,12,288,74,2025,2012,137,0,-,0,,,,,,,2026-05-06,-,-,7 days,available,