ProjectMosquitoNet.org,,,18,83,6,2023,2008,141,0,-,1,,,,,,,2026-05-17,-,-,Yesterday 17:16,available
taourirt.info,,,8,7.7 K,9,2025,2009,263,0,-,9,,,,,,,2026-05-16,12,4,1 days,available
MascotRecordsUsa.com,,,16,715,14,2025,2008,61,0,-,0,,,,,,,2026-05-16,-,2,1 days,available
schoenundgut.biz,,,12,41,38,2025,2010,83,0,Yes,10,,,,,,,2026-05-16,8,-,1 days,available
ThaliaTrinity.org,,,13,38,3,2026,2003,240,0,Yes,1,,,,,,,2026-05-16,-,-,1 days,registered
hlucnasamota.info,,,12,33,4,2025,2010,51,0,-,2,,,,,,,2026-05-15,2,-,2 days,available
BossDiet.info,,,8,226,30,2026,2003,383,0,-,2,,,,,,,2026-05-15,4,-,2 days,registered
spurghi.info,,,7,25,0,2025,2007,44,0,Yes,4,,,,,,,2026-05-15,280,-,2 days,available
furyog.info,,,6,3.7 K,45,2025,2017,83,0,-,1,,,,,,,2026-05-15,1,-,2 days,available
lemth.net,,,5,39,0,2026,2023,28,0,-,1,,,,,,,2026-05-15,10,-,2 days,registered
zavodglobal.org,,,11,176,14,2023,2012,126,0,-,1,,,,,,,2026-05-15,-,-,2 days,available
myouji.info,,,6,35,4,2025,2007,130,0,-,5,,,,,,,2026-05-14,72,-,3 days,available
popn.info,,,4,32,2,2026,2003,64,0,-,39,,,,,,,2026-05-14,1.3 K,-,3 days,registered
atsuhama.com,,,8,48,10,2026,2009,46,0,-,1,,,,,,,2026-05-12,6,-,5 days,registered
gtschallenge.com,,,12,96,8,2025,2003,88,0,-,2,,,,,,,2026-05-12,-,-,5 days,available
enass.info,,,5,294,147,2025,2011,335,0,-,6,,,,,,,2026-05-11,200,-,6 days,available
abrand.top,,,6,2.4 K,111,2026,2018,50,0,-,63,,,,,,,2026-05-11,6.0 K,-,6 days,registered
olvboston.com,,,9,36,8,2026,2010,86,0,Yes,1,,,,,,,2026-05-11,1,-,6 days,registered
uozumishika.com,,,,,,,,,,,,,,,,,,,,,,